review,sentiment
Very disappointing. I expected much more.,negative
Badly directed and full of clichés.,negative
"An outstanding piece of cinema, highly recommended.",positive
Poor acting and a completely predictable plot.,negative
Very disappointing. I expected much more.,negative
A touching and inspiring story that stays with you.,positive
Very disappointing. I expected much more.,negative
Beautiful cinematography and amazing soundtrack.,positive
Weak script and awful dialogue throughout.,negative
Badly directed and full of clichés.,negative
Horrible pacing and an unsatisfying ending.,negative
"An outstanding piece of cinema, highly recommended.",positive
Beautiful cinematography and amazing soundtrack.,positive
Excellent direction and great pacing throughout the film.,positive
A brilliant performance by the lead actor!,positive
Poor acting and a completely predictable plot.,negative
A brilliant performance by the lead actor!,positive
"This movie was absolutely fantastic, I loved every minute of it.",positive
Beautiful cinematography and amazing soundtrack.,positive
Weak script and awful dialogue throughout.,negative
"Nothing made sense, and the characters were flat.",negative
A touching and inspiring story that stays with you.,positive
A great blend of humor and heart. I’ll watch it again.,positive
Weak script and awful dialogue throughout.,negative
The storyline was engaging and very well written.,positive
Poor acting and a completely predictable plot.,negative
"Nothing made sense, and the characters were flat.",negative
Very disappointing. I expected much more.,negative
"This movie was absolutely fantastic, I loved every minute of it.",positive
Weak script and awful dialogue throughout.,negative
"An outstanding piece of cinema, highly recommended.",positive
"An outstanding piece of cinema, highly recommended.",positive
Excellent direction and great pacing throughout the film.,positive
Poor acting and a completely predictable plot.,negative
Unwatchable. Save your time and skip this one.,negative
Wonderful characters and a satisfying ending.,positive
The story was boring and lacked depth.,negative
Horrible pacing and an unsatisfying ending.,negative
The story was boring and lacked depth.,negative
A touching and inspiring story that stays with you.,positive
The storyline was engaging and very well written.,positive
A brilliant performance by the lead actor!,positive
Very disappointing. I expected much more.,negative
Very disappointing. I expected much more.,negative
"Nothing made sense, and the characters were flat.",negative
A great blend of humor and heart. I’ll watch it again.,positive
"An outstanding piece of cinema, highly recommended.",positive
The story was boring and lacked depth.,negative
"Nothing made sense, and the characters were flat.",negative
Horrible pacing and an unsatisfying ending.,negative
A brilliant performance by the lead actor!,positive
"An outstanding piece of cinema, highly recommended.",positive
Excellent direction and great pacing throughout the film.,positive
A brilliant performance by the lead actor!,positive
Very disappointing. I expected much more.,negative
Horrible pacing and an unsatisfying ending.,negative
Badly directed and full of clichés.,negative
Beautiful cinematography and amazing soundtrack.,positive
Badly directed and full of clichés.,negative
The film dragged on and was hard to follow.,negative
The storyline was engaging and very well written.,positive
A brilliant performance by the lead actor!,positive
"This movie was absolutely fantastic, I loved every minute of it.",positive
Beautiful cinematography and amazing soundtrack.,positive
The film dragged on and was hard to follow.,negative
"An outstanding piece of cinema, highly recommended.",positive
Poor acting and a completely predictable plot.,negative
Very disappointing. I expected much more.,negative
"This was a terrible movie, I wasted two hours of my life.",negative
Unwatchable. Save your time and skip this one.,negative
Beautiful cinematography and amazing soundtrack.,positive
Horrible pacing and an unsatisfying ending.,negative
Weak script and awful dialogue throughout.,negative
Wonderful characters and a satisfying ending.,positive
A must-watch film with a strong emotional impact.,positive
The storyline was engaging and very well written.,positive
Badly directed and full of clichés.,negative
Horrible pacing and an unsatisfying ending.,negative
Wonderful characters and a satisfying ending.,positive
A touching and inspiring story that stays with you.,positive
"Nothing made sense, and the characters were flat.",negative
Unwatchable. Save your time and skip this one.,negative
Excellent direction and great pacing throughout the film.,positive
"An outstanding piece of cinema, highly recommended.",positive
Poor acting and a completely predictable plot.,negative
The story was boring and lacked depth.,negative
A must-watch film with a strong emotional impact.,positive
Very disappointing. I expected much more.,negative
Excellent direction and great pacing throughout the film.,positive
The storyline was engaging and very well written.,positive
The storyline was engaging and very well written.,positive
The storyline was engaging and very well written.,positive
A great blend of humor and heart. I’ll watch it again.,positive
The storyline was engaging and very well written.,positive
A great blend of humor and heart. I’ll watch it again.,positive
Beautiful cinematography and amazing soundtrack.,positive
"This was a terrible movie, I wasted two hours of my life.",negative
Very disappointing. I expected much more.,negative
Wonderful characters and a satisfying ending.,positive
Horrible pacing and an unsatisfying ending.,negative
Wonderful characters and a satisfying ending.,positive
Horrible pacing and an unsatisfying ending.,negative
Very disappointing. I expected much more.,negative
Horrible pacing and an unsatisfying ending.,negative
"An outstanding piece of cinema, highly recommended.",positive
A great blend of humor and heart. I’ll watch it again.,positive
The film dragged on and was hard to follow.,negative
A great blend of humor and heart. I’ll watch it again.,positive
Very disappointing. I expected much more.,negative
Beautiful cinematography and amazing soundtrack.,positive
A must-watch film with a strong emotional impact.,positive
The story was boring and lacked depth.,negative
Very disappointing. I expected much more.,negative
Badly directed and full of clichés.,negative
Poor acting and a completely predictable plot.,negative
A must-watch film with a strong emotional impact.,positive
Weak script and awful dialogue throughout.,negative
Very disappointing. I expected much more.,negative
The storyline was engaging and very well written.,positive
Weak script and awful dialogue throughout.,negative
The film dragged on and was hard to follow.,negative
Badly directed and full of clichés.,negative
The storyline was engaging and very well written.,positive
A great blend of humor and heart. I’ll watch it again.,positive
The story was boring and lacked depth.,negative
Beautiful cinematography and amazing soundtrack.,positive
Very disappointing. I expected much more.,negative
"Nothing made sense, and the characters were flat.",negative
Unwatchable. Save your time and skip this one.,negative
Weak script and awful dialogue throughout.,negative
Poor acting and a completely predictable plot.,negative
Weak script and awful dialogue throughout.,negative
The storyline was engaging and very well written.,positive
"This was a terrible movie, I wasted two hours of my life.",negative
"An outstanding piece of cinema, highly recommended.",positive
"This was a terrible movie, I wasted two hours of my life.",negative
The story was boring and lacked depth.,negative
Poor acting and a completely predictable plot.,negative
"Nothing made sense, and the characters were flat.",negative
A touching and inspiring story that stays with you.,positive
Poor acting and a completely predictable plot.,negative
Horrible pacing and an unsatisfying ending.,negative
Beautiful cinematography and amazing soundtrack.,positive
A great blend of humor and heart. I’ll watch it again.,positive
Weak script and awful dialogue throughout.,negative
"This movie was absolutely fantastic, I loved every minute of it.",positive
The storyline was engaging and very well written.,positive
The story was boring and lacked depth.,negative
The story was boring and lacked depth.,negative
A brilliant performance by the lead actor!,positive
"Nothing made sense, and the characters were flat.",negative
A touching and inspiring story that stays with you.,positive
Horrible pacing and an unsatisfying ending.,negative
Beautiful cinematography and amazing soundtrack.,positive
The film dragged on and was hard to follow.,negative
A great blend of humor and heart. I’ll watch it again.,positive
The film dragged on and was hard to follow.,negative
A great blend of humor and heart. I’ll watch it again.,positive
Wonderful characters and a satisfying ending.,positive
Badly directed and full of clichés.,negative
Very disappointing. I expected much more.,negative
Wonderful characters and a satisfying ending.,positive
Unwatchable. Save your time and skip this one.,negative
Very disappointing. I expected much more.,negative
A must-watch film with a strong emotional impact.,positive
Wonderful characters and a satisfying ending.,positive
A must-watch film with a strong emotional impact.,positive
The story was boring and lacked depth.,negative
The story was boring and lacked depth.,negative
A must-watch film with a strong emotional impact.,positive
Poor acting and a completely predictable plot.,negative
Wonderful characters and a satisfying ending.,positive
A brilliant performance by the lead actor!,positive
The story was boring and lacked depth.,negative
"An outstanding piece of cinema, highly recommended.",positive
A brilliant performance by the lead actor!,positive
The film dragged on and was hard to follow.,negative
Weak script and awful dialogue throughout.,negative
"Nothing made sense, and the characters were flat.",negative
Poor acting and a completely predictable plot.,negative
Unwatchable. Save your time and skip this one.,negative
The film dragged on and was hard to follow.,negative
Weak script and awful dialogue throughout.,negative
Poor acting and a completely predictable plot.,negative
The storyline was engaging and very well written.,positive
Weak script and awful dialogue throughout.,negative
The story was boring and lacked depth.,negative
"An outstanding piece of cinema, highly recommended.",positive
Poor acting and a completely predictable plot.,negative
"This movie was absolutely fantastic, I loved every minute of it.",positive
Very disappointing. I expected much more.,negative
The story was boring and lacked depth.,negative
A great blend of humor and heart. I’ll watch it again.,positive
The film dragged on and was hard to follow.,negative
A must-watch film with a strong emotional impact.,positive
"An outstanding piece of cinema, highly recommended.",positive
The storyline was engaging and very well written.,positive
Excellent direction and great pacing throughout the film.,positive
"Nothing made sense, and the characters were flat.",negative
The storyline was engaging and very well written.,positive
A touching and inspiring story that stays with you.,positive
Weak script and awful dialogue throughout.,negative
Excellent direction and great pacing throughout the film.,positive
Badly directed and full of clichés.,negative
"This movie was absolutely fantastic, I loved every minute of it.",positive
A great blend of humor and heart. I’ll watch it again.,positive
The storyline was engaging and very well written.,positive
The storyline was engaging and very well written.,positive
Horrible pacing and an unsatisfying ending.,negative
Beautiful cinematography and amazing soundtrack.,positive
The film dragged on and was hard to follow.,negative
"This movie was absolutely fantastic, I loved every minute of it.",positive
Beautiful cinematography and amazing soundtrack.,positive
The storyline was engaging and very well written.,positive
The film dragged on and was hard to follow.,negative
A brilliant performance by the lead actor!,positive
A must-watch film with a strong emotional impact.,positive
Weak script and awful dialogue throughout.,negative
"This was a terrible movie, I wasted two hours of my life.",negative
Wonderful characters and a satisfying ending.,positive
A touching and inspiring story that stays with you.,positive
"This was a terrible movie, I wasted two hours of my life.",negative
"An outstanding piece of cinema, highly recommended.",positive
"An outstanding piece of cinema, highly recommended.",positive
A must-watch film with a strong emotional impact.,positive
The story was boring and lacked depth.,negative
Beautiful cinematography and amazing soundtrack.,positive
A great blend of humor and heart. I’ll watch it again.,positive
A touching and inspiring story that stays with you.,positive
Weak script and awful dialogue throughout.,negative
"An outstanding piece of cinema, highly recommended.",positive
Very disappointing. I expected much more.,negative
Weak script and awful dialogue throughout.,negative
Beautiful cinematography and amazing soundtrack.,positive
Horrible pacing and an unsatisfying ending.,negative
"Nothing made sense, and the characters were flat.",negative
Very disappointing. I expected much more.,negative
A touching and inspiring story that stays with you.,positive
Excellent direction and great pacing throughout the film.,positive
Unwatchable. Save your time and skip this one.,negative
The film dragged on and was hard to follow.,negative
The story was boring and lacked depth.,negative
Unwatchable. Save your time and skip this one.,negative
"This was a terrible movie, I wasted two hours of my life.",negative
"This movie was absolutely fantastic, I loved every minute of it.",positive
"This movie was absolutely fantastic, I loved every minute of it.",positive
Weak script and awful dialogue throughout.,negative
"This was a terrible movie, I wasted two hours of my life.",negative
"This was a terrible movie, I wasted two hours of my life.",negative
A must-watch film with a strong emotional impact.,positive
Horrible pacing and an unsatisfying ending.,negative
"Nothing made sense, and the characters were flat.",negative
A great blend of humor and heart. I’ll watch it again.,positive
The story was boring and lacked depth.,negative
"Nothing made sense, and the characters were flat.",negative
Badly directed and full of clichés.,negative
"This movie was absolutely fantastic, I loved every minute of it.",positive
Excellent direction and great pacing throughout the film.,positive
Horrible pacing and an unsatisfying ending.,negative
A touching and inspiring story that stays with you.,positive
A great blend of humor and heart. I’ll watch it again.,positive
Poor acting and a completely predictable plot.,negative
The story was boring and lacked depth.,negative
The film dragged on and was hard to follow.,negative
A great blend of humor and heart. I’ll watch it again.,positive
Weak script and awful dialogue throughout.,negative
Beautiful cinematography and amazing soundtrack.,positive
Poor acting and a completely predictable plot.,negative
Beautiful cinematography and amazing soundtrack.,positive
Wonderful characters and a satisfying ending.,positive
The film dragged on and was hard to follow.,negative
The storyline was engaging and very well written.,positive
A touching and inspiring story that stays with you.,positive
Poor acting and a completely predictable plot.,negative
A must-watch film with a strong emotional impact.,positive
"An outstanding piece of cinema, highly recommended.",positive
"Nothing made sense, and the characters were flat.",negative
The story was boring and lacked depth.,negative
A great blend of humor and heart. I’ll watch it again.,positive
Excellent direction and great pacing throughout the film.,positive
A great blend of humor and heart. I’ll watch it again.,positive
Poor acting and a completely predictable plot.,negative
Horrible pacing and an unsatisfying ending.,negative
A brilliant performance by the lead actor!,positive
The story was boring and lacked depth.,negative
Horrible pacing and an unsatisfying ending.,negative
A brilliant performance by the lead actor!,positive
The storyline was engaging and very well written.,positive
Very disappointing. I expected much more.,negative
Excellent direction and great pacing throughout the film.,positive
The storyline was engaging and very well written.,positive
Very disappointing. I expected much more.,negative
The story was boring and lacked depth.,negative
Unwatchable. Save your time and skip this one.,negative
The storyline was engaging and very well written.,positive
A touching and inspiring story that stays with you.,positive
The storyline was engaging and very well written.,positive
Poor acting and a completely predictable plot.,negative
Poor acting and a completely predictable plot.,negative
Very disappointing. I expected much more.,negative
Weak script and awful dialogue throughout.,negative
Poor acting and a completely predictable plot.,negative
Very disappointing. I expected much more.,negative
Beautiful cinematography and amazing soundtrack.,positive
Unwatchable. Save your time and skip this one.,negative
A great blend of humor and heart. I’ll watch it again.,positive
A must-watch film with a strong emotional impact.,positive
Weak script and awful dialogue throughout.,negative
Wonderful characters and a satisfying ending.,positive
Unwatchable. Save your time and skip this one.,negative
"This was a terrible movie, I wasted two hours of my life.",negative
A great blend of humor and heart. I’ll watch it again.,positive
Unwatchable. Save your time and skip this one.,negative
"This was a terrible movie, I wasted two hours of my life.",negative
Very disappointing. I expected much more.,negative
Poor acting and a completely predictable plot.,negative
"This movie was absolutely fantastic, I loved every minute of it.",positive
"Nothing made sense, and the characters were flat.",negative
Wonderful characters and a satisfying ending.,positive
The storyline was engaging and very well written.,positive
"An outstanding piece of cinema, highly recommended.",positive
A touching and inspiring story that stays with you.,positive
Excellent direction and great pacing throughout the film.,positive
"An outstanding piece of cinema, highly recommended.",positive
A touching and inspiring story that stays with you.,positive
"Nothing made sense, and the characters were flat.",negative
Horrible pacing and an unsatisfying ending.,negative
A touching and inspiring story that stays with you.,positive
Beautiful cinematography and amazing soundtrack.,positive
Horrible pacing and an unsatisfying ending.,negative
Beautiful cinematography and amazing soundtrack.,positive
Badly directed and full of clichés.,negative
A brilliant performance by the lead actor!,positive
Unwatchable. Save your time and skip this one.,negative
Very disappointing. I expected much more.,negative
A touching and inspiring story that stays with you.,positive
A must-watch film with a strong emotional impact.,positive
Poor acting and a completely predictable plot.,negative
A brilliant performance by the lead actor!,positive
Wonderful characters and a satisfying ending.,positive
"Nothing made sense, and the characters were flat.",negative
A must-watch film with a strong emotional impact.,positive
Excellent direction and great pacing throughout the film.,positive
Weak script and awful dialogue throughout.,negative
Poor acting and a completely predictable plot.,negative
Poor acting and a completely predictable plot.,negative
"Nothing made sense, and the characters were flat.",negative
Badly directed and full of clichés.,negative
"Nothing made sense, and the characters were flat.",negative
Beautiful cinematography and amazing soundtrack.,positive
A great blend of humor and heart. I’ll watch it again.,positive
Poor acting and a completely predictable plot.,negative
Excellent direction and great pacing throughout the film.,positive
"This movie was absolutely fantastic, I loved every minute of it.",positive
Badly directed and full of clichés.,negative
Badly directed and full of clichés.,negative
Excellent direction and great pacing throughout the film.,positive
The storyline was engaging and very well written.,positive
Poor acting and a completely predictable plot.,negative
Wonderful characters and a satisfying ending.,positive
The storyline was engaging and very well written.,positive
Poor acting and a completely predictable plot.,negative
Unwatchable. Save your time and skip this one.,negative
A brilliant performance by the lead actor!,positive
The storyline was engaging and very well written.,positive
"An outstanding piece of cinema, highly recommended.",positive
Unwatchable. Save your time and skip this one.,negative
Very disappointing. I expected much more.,negative
"Nothing made sense, and the characters were flat.",negative
Unwatchable. Save your time and skip this one.,negative
"This movie was absolutely fantastic, I loved every minute of it.",positive
"This movie was absolutely fantastic, I loved every minute of it.",positive
A touching and inspiring story that stays with you.,positive
A brilliant performance by the lead actor!,positive
Very disappointing. I expected much more.,negative
The story was boring and lacked depth.,negative
A touching and inspiring story that stays with you.,positive
The story was boring and lacked depth.,negative
The story was boring and lacked depth.,negative
Badly directed and full of clichés.,negative
Wonderful characters and a satisfying ending.,positive
"Nothing made sense, and the characters were flat.",negative
"An outstanding piece of cinema, highly recommended.",positive
Excellent direction and great pacing throughout the film.,positive
Wonderful characters and a satisfying ending.,positive
Horrible pacing and an unsatisfying ending.,negative
Unwatchable. Save your time and skip this one.,negative
"An outstanding piece of cinema, highly recommended.",positive
"An outstanding piece of cinema, highly recommended.",positive
A brilliant performance by the lead actor!,positive
The film dragged on and was hard to follow.,negative
Badly directed and full of clichés.,negative
"An outstanding piece of cinema, highly recommended.",positive
Weak script and awful dialogue throughout.,negative
Poor acting and a completely predictable plot.,negative
"Nothing made sense, and the characters were flat.",negative
The story was boring and lacked depth.,negative
A touching and inspiring story that stays with you.,positive
Weak script and awful dialogue throughout.,negative
Weak script and awful dialogue throughout.,negative
Wonderful characters and a satisfying ending.,positive
"This was a terrible movie, I wasted two hours of my life.",negative
"This movie was absolutely fantastic, I loved every minute of it.",positive
A must-watch film with a strong emotional impact.,positive
Poor acting and a completely predictable plot.,negative
"This movie was absolutely fantastic, I loved every minute of it.",positive
"This was a terrible movie, I wasted two hours of my life.",negative
"This was a terrible movie, I wasted two hours of my life.",negative
Wonderful characters and a satisfying ending.,positive
Very disappointing. I expected much more.,negative
The storyline was engaging and very well written.,positive
Excellent direction and great pacing throughout the film.,positive
"This was a terrible movie, I wasted two hours of my life.",negative
Excellent direction and great pacing throughout the film.,positive
A great blend of humor and heart. I’ll watch it again.,positive
"This movie was absolutely fantastic, I loved every minute of it.",positive
"This was a terrible movie, I wasted two hours of my life.",negative
A touching and inspiring story that stays with you.,positive
"An outstanding piece of cinema, highly recommended.",positive
Excellent direction and great pacing throughout the film.,positive
The story was boring and lacked depth.,negative
"This movie was absolutely fantastic, I loved every minute of it.",positive
Weak script and awful dialogue throughout.,negative
"Nothing made sense, and the characters were flat.",negative
Excellent direction and great pacing throughout the film.,positive
Unwatchable. Save your time and skip this one.,negative
The film dragged on and was hard to follow.,negative
"This movie was absolutely fantastic, I loved every minute of it.",positive
Poor acting and a completely predictable plot.,negative
Wonderful characters and a satisfying ending.,positive
"This movie was absolutely fantastic, I loved every minute of it.",positive
Weak script and awful dialogue throughout.,negative
Wonderful characters and a satisfying ending.,positive
The story was boring and lacked depth.,negative
Very disappointing. I expected much more.,negative
Badly directed and full of clichés.,negative
Beautiful cinematography and amazing soundtrack.,positive
"Nothing made sense, and the characters were flat.",negative
The storyline was engaging and very well written.,positive
A great blend of humor and heart. I’ll watch it again.,positive
The film dragged on and was hard to follow.,negative
Poor acting and a completely predictable plot.,negative
"This was a terrible movie, I wasted two hours of my life.",negative
Wonderful characters and a satisfying ending.,positive
The story was boring and lacked depth.,negative
Badly directed and full of clichés.,negative
Badly directed and full of clichés.,negative
"This was a terrible movie, I wasted two hours of my life.",negative
Horrible pacing and an unsatisfying ending.,negative
Excellent direction and great pacing throughout the film.,positive
"This movie was absolutely fantastic, I loved every minute of it.",positive
Excellent direction and great pacing throughout the film.,positive
Wonderful characters and a satisfying ending.,positive
Excellent direction and great pacing throughout the film.,positive
"Nothing made sense, and the characters were flat.",negative
Badly directed and full of clichés.,negative
"This movie was absolutely fantastic, I loved every minute of it.",positive
A great blend of humor and heart. I’ll watch it again.,positive
A must-watch film with a strong emotional impact.,positive
Beautiful cinematography and amazing soundtrack.,positive
The story was boring and lacked depth.,negative
Weak script and awful dialogue throughout.,negative
"This was a terrible movie, I wasted two hours of my life.",negative
A touching and inspiring story that stays with you.,positive
"An outstanding piece of cinema, highly recommended.",positive
Unwatchable. Save your time and skip this one.,negative
Badly directed and full of clichés.,negative
Badly directed and full of clichés.,negative
The story was boring and lacked depth.,negative
The story was boring and lacked depth.,negative
Excellent direction and great pacing throughout the film.,positive
"Nothing made sense, and the characters were flat.",negative
Excellent direction and great pacing throughout the film.,positive
Poor acting and a completely predictable plot.,negative
The film dragged on and was hard to follow.,negative
Wonderful characters and a satisfying ending.,positive
Poor acting and a completely predictable plot.,negative
A must-watch film with a strong emotional impact.,positive
Badly directed and full of clichés.,negative
A touching and inspiring story that stays with you.,positive
A must-watch film with a strong emotional impact.,positive
Unwatchable. Save your time and skip this one.,negative
Very disappointing. I expected much more.,negative
Beautiful cinematography and amazing soundtrack.,positive
"Nothing made sense, and the characters were flat.",negative
The film dragged on and was hard to follow.,negative
A must-watch film with a strong emotional impact.,positive
The story was boring and lacked depth.,negative
Very disappointing. I expected much more.,negative
Wonderful characters and a satisfying ending.,positive
Badly directed and full of clichés.,negative
A touching and inspiring story that stays with you.,positive
Poor acting and a completely predictable plot.,negative
Horrible pacing and an unsatisfying ending.,negative
"Nothing made sense, and the characters were flat.",negative
A great blend of humor and heart. I’ll watch it again.,positive
Weak script and awful dialogue throughout.,negative
A must-watch film with a strong emotional impact.,positive
Poor acting and a completely predictable plot.,negative
Badly directed and full of clichés.,negative
"An outstanding piece of cinema, highly recommended.",positive
A great blend of humor and heart. I’ll watch it again.,positive
"This movie was absolutely fantastic, I loved every minute of it.",positive
The story was boring and lacked depth.,negative
Unwatchable. Save your time and skip this one.,negative
Horrible pacing and an unsatisfying ending.,negative
A great blend of humor and heart. I’ll watch it again.,positive
A brilliant performance by the lead actor!,positive
Wonderful characters and a satisfying ending.,positive
Horrible pacing and an unsatisfying ending.,negative
Unwatchable. Save your time and skip this one.,negative
The story was boring and lacked depth.,negative
Weak script and awful dialogue throughout.,negative
Weak script and awful dialogue throughout.,negative
The film dragged on and was hard to follow.,negative
Excellent direction and great pacing throughout the film.,positive
Excellent direction and great pacing throughout the film.,positive
A touching and inspiring story that stays with you.,positive
Wonderful characters and a satisfying ending.,positive
"An outstanding piece of cinema, highly recommended.",positive
Badly directed and full of clichés.,negative
A brilliant performance by the lead actor!,positive
A touching and inspiring story that stays with you.,positive
"An outstanding piece of cinema, highly recommended.",positive
Unwatchable. Save your time and skip this one.,negative
"An outstanding piece of cinema, highly recommended.",positive
Horrible pacing and an unsatisfying ending.,negative
"Nothing made sense, and the characters were flat.",negative
Unwatchable. Save your time and skip this one.,negative
Unwatchable. Save your time and skip this one.,negative
The film dragged on and was hard to follow.,negative
Beautiful cinematography and amazing soundtrack.,positive
"An outstanding piece of cinema, highly recommended.",positive
The storyline was engaging and very well written.,positive
A great blend of humor and heart. I’ll watch it again.,positive
A must-watch film with a strong emotional impact.,positive
"This was a terrible movie, I wasted two hours of my life.",negative
Poor acting and a completely predictable plot.,negative
Horrible pacing and an unsatisfying ending.,negative
The storyline was engaging and very well written.,positive
The storyline was engaging and very well written.,positive
Excellent direction and great pacing throughout the film.,positive
Wonderful characters and a satisfying ending.,positive
"This was a terrible movie, I wasted two hours of my life.",negative
Excellent direction and great pacing throughout the film.,positive
"This movie was absolutely fantastic, I loved every minute of it.",positive
The story was boring and lacked depth.,negative
The story was boring and lacked depth.,negative
"This was a terrible movie, I wasted two hours of my life.",negative
The film dragged on and was hard to follow.,negative
A brilliant performance by the lead actor!,positive
Excellent direction and great pacing throughout the film.,positive
Horrible pacing and an unsatisfying ending.,negative
The storyline was engaging and very well written.,positive
"An outstanding piece of cinema, highly recommended.",positive
Unwatchable. Save your time and skip this one.,negative
Excellent direction and great pacing throughout the film.,positive
A touching and inspiring story that stays with you.,positive
Poor acting and a completely predictable plot.,negative
A touching and inspiring story that stays with you.,positive
Very disappointing. I expected much more.,negative
Horrible pacing and an unsatisfying ending.,negative
"This was a terrible movie, I wasted two hours of my life.",negative
The film dragged on and was hard to follow.,negative
Badly directed and full of clichés.,negative
Wonderful characters and a satisfying ending.,positive
"This movie was absolutely fantastic, I loved every minute of it.",positive
A must-watch film with a strong emotional impact.,positive
Horrible pacing and an unsatisfying ending.,negative
A touching and inspiring story that stays with you.,positive
Weak script and awful dialogue throughout.,negative
Horrible pacing and an unsatisfying ending.,negative
A touching and inspiring story that stays with you.,positive
Weak script and awful dialogue throughout.,negative
The storyline was engaging and very well written.,positive
A touching and inspiring story that stays with you.,positive
A great blend of humor and heart. I’ll watch it again.,positive
The film dragged on and was hard to follow.,negative
Weak script and awful dialogue throughout.,negative
A touching and inspiring story that stays with you.,positive
Weak script and awful dialogue throughout.,negative
Wonderful characters and a satisfying ending.,positive
A must-watch film with a strong emotional impact.,positive
The film dragged on and was hard to follow.,negative
A great blend of humor and heart. I’ll watch it again.,positive
Badly directed and full of clichés.,negative
"Nothing made sense, and the characters were flat.",negative
Beautiful cinematography and amazing soundtrack.,positive
Beautiful cinematography and amazing soundtrack.,positive
Wonderful characters and a satisfying ending.,positive
"An outstanding piece of cinema, highly recommended.",positive
A must-watch film with a strong emotional impact.,positive
Wonderful characters and a satisfying ending.,positive
Beautiful cinematography and amazing soundtrack.,positive
Excellent direction and great pacing throughout the film.,positive
"This movie was absolutely fantastic, I loved every minute of it.",positive
The film dragged on and was hard to follow.,negative
Poor acting and a completely predictable plot.,negative
A great blend of humor and heart. I’ll watch it again.,positive
Unwatchable. Save your time and skip this one.,negative
The film dragged on and was hard to follow.,negative
Horrible pacing and an unsatisfying ending.,negative
Wonderful characters and a satisfying ending.,positive
Very disappointing. I expected much more.,negative
Excellent direction and great pacing throughout the film.,positive
Horrible pacing and an unsatisfying ending.,negative
A great blend of humor and heart. I’ll watch it again.,positive
Weak script and awful dialogue throughout.,negative
A brilliant performance by the lead actor!,positive
Beautiful cinematography and amazing soundtrack.,positive
Excellent direction and great pacing throughout the film.,positive
Poor acting and a completely predictable plot.,negative
"This was a terrible movie, I wasted two hours of my life.",negative
Badly directed and full of clichés.,negative
A touching and inspiring story that stays with you.,positive
"Nothing made sense, and the characters were flat.",negative
Poor acting and a completely predictable plot.,negative
"This movie was absolutely fantastic, I loved every minute of it.",positive
Weak script and awful dialogue throughout.,negative
Beautiful cinematography and amazing soundtrack.,positive
The film dragged on and was hard to follow.,negative
The storyline was engaging and very well written.,positive
"Nothing made sense, and the characters were flat.",negative
The story was boring and lacked depth.,negative
Wonderful characters and a satisfying ending.,positive
The storyline was engaging and very well written.,positive
"An outstanding piece of cinema, highly recommended.",positive
Excellent direction and great pacing throughout the film.,positive
Horrible pacing and an unsatisfying ending.,negative
Beautiful cinematography and amazing soundtrack.,positive
Badly directed and full of clichés.,negative
A great blend of humor and heart. I’ll watch it again.,positive
"This was a terrible movie, I wasted two hours of my life.",negative
Unwatchable. Save your time and skip this one.,negative
"This movie was absolutely fantastic, I loved every minute of it.",positive
Badly directed and full of clichés.,negative
Excellent direction and great pacing throughout the film.,positive
A great blend of humor and heart. I’ll watch it again.,positive
"An outstanding piece of cinema, highly recommended.",positive
Very disappointing. I expected much more.,negative
Unwatchable. Save your time and skip this one.,negative
"This was a terrible movie, I wasted two hours of my life.",negative
Weak script and awful dialogue throughout.,negative
"Nothing made sense, and the characters were flat.",negative
"Nothing made sense, and the characters were flat.",negative
A great blend of humor and heart. I’ll watch it again.,positive
The storyline was engaging and very well written.,positive
"Nothing made sense, and the characters were flat.",negative
Unwatchable. Save your time and skip this one.,negative
A brilliant performance by the lead actor!,positive
A great blend of humor and heart. I’ll watch it again.,positive
Poor acting and a completely predictable plot.,negative
A must-watch film with a strong emotional impact.,positive
Poor acting and a completely predictable plot.,negative
"An outstanding piece of cinema, highly recommended.",positive
Very disappointing. I expected much more.,negative
Beautiful cinematography and amazing soundtrack.,positive
Very disappointing. I expected much more.,negative
A great blend of humor and heart. I’ll watch it again.,positive
Excellent direction and great pacing throughout the film.,positive
The film dragged on and was hard to follow.,negative
"An outstanding piece of cinema, highly recommended.",positive
Poor acting and a completely predictable plot.,negative
A great blend of humor and heart. I’ll watch it again.,positive
A must-watch film with a strong emotional impact.,positive
The storyline was engaging and very well written.,positive
"An outstanding piece of cinema, highly recommended.",positive
Unwatchable. Save your time and skip this one.,negative
Horrible pacing and an unsatisfying ending.,negative
Wonderful characters and a satisfying ending.,positive
"This movie was absolutely fantastic, I loved every minute of it.",positive
A great blend of humor and heart. I’ll watch it again.,positive
Badly directed and full of clichés.,negative
Beautiful cinematography and amazing soundtrack.,positive
A great blend of humor and heart. I’ll watch it again.,positive
A great blend of humor and heart. I’ll watch it again.,positive
"This was a terrible movie, I wasted two hours of my life.",negative
A touching and inspiring story that stays with you.,positive
A touching and inspiring story that stays with you.,positive
Unwatchable. Save your time and skip this one.,negative
A brilliant performance by the lead actor!,positive
Horrible pacing and an unsatisfying ending.,negative
Beautiful cinematography and amazing soundtrack.,positive
Horrible pacing and an unsatisfying ending.,negative
Unwatchable. Save your time and skip this one.,negative
Very disappointing. I expected much more.,negative
Beautiful cinematography and amazing soundtrack.,positive
"An outstanding piece of cinema, highly recommended.",positive
"This was a terrible movie, I wasted two hours of my life.",negative
A great blend of humor and heart. I’ll watch it again.,positive
A must-watch film with a strong emotional impact.,positive
"This movie was absolutely fantastic, I loved every minute of it.",positive
A must-watch film with a strong emotional impact.,positive
Poor acting and a completely predictable plot.,negative
A must-watch film with a strong emotional impact.,positive
Unwatchable. Save your time and skip this one.,negative
A must-watch film with a strong emotional impact.,positive
Weak script and awful dialogue throughout.,negative
"This movie was absolutely fantastic, I loved every minute of it.",positive
Poor acting and a completely predictable plot.,negative
Wonderful characters and a satisfying ending.,positive
The story was boring and lacked depth.,negative
Excellent direction and great pacing throughout the film.,positive
Beautiful cinematography and amazing soundtrack.,positive
Wonderful characters and a satisfying ending.,positive
Excellent direction and great pacing throughout the film.,positive
The storyline was engaging and very well written.,positive
"This movie was absolutely fantastic, I loved every minute of it.",positive
Very disappointing. I expected much more.,negative
Wonderful characters and a satisfying ending.,positive
"This was a terrible movie, I wasted two hours of my life.",negative
The storyline was engaging and very well written.,positive
The film dragged on and was hard to follow.,negative
Very disappointing. I expected much more.,negative
Beautiful cinematography and amazing soundtrack.,positive
Unwatchable. Save your time and skip this one.,negative
The storyline was engaging and very well written.,positive
The storyline was engaging and very well written.,positive
Badly directed and full of clichés.,negative
"This movie was absolutely fantastic, I loved every minute of it.",positive
The film dragged on and was hard to follow.,negative
Very disappointing. I expected much more.,negative
Beautiful cinematography and amazing soundtrack.,positive
The storyline was engaging and very well written.,positive
Poor acting and a completely predictable plot.,negative
The film dragged on and was hard to follow.,negative
A must-watch film with a strong emotional impact.,positive
A must-watch film with a strong emotional impact.,positive
The film dragged on and was hard to follow.,negative
Beautiful cinematography and amazing soundtrack.,positive
Horrible pacing and an unsatisfying ending.,negative
The story was boring and lacked depth.,negative
The storyline was engaging and very well written.,positive
"This movie was absolutely fantastic, I loved every minute of it.",positive
Unwatchable. Save your time and skip this one.,negative
A great blend of humor and heart. I’ll watch it again.,positive
Badly directed and full of clichés.,negative
"This was a terrible movie, I wasted two hours of my life.",negative
The story was boring and lacked depth.,negative
The storyline was engaging and very well written.,positive
Unwatchable. Save your time and skip this one.,negative
A great blend of humor and heart. I’ll watch it again.,positive
"An outstanding piece of cinema, highly recommended.",positive
A brilliant performance by the lead actor!,positive
Unwatchable. Save your time and skip this one.,negative
Badly directed and full of clichés.,negative
A brilliant performance by the lead actor!,positive
A must-watch film with a strong emotional impact.,positive
Poor acting and a completely predictable plot.,negative
"This was a terrible movie, I wasted two hours of my life.",negative
Excellent direction and great pacing throughout the film.,positive
Wonderful characters and a satisfying ending.,positive
Very disappointing. I expected much more.,negative
A must-watch film with a strong emotional impact.,positive
Weak script and awful dialogue throughout.,negative
A must-watch film with a strong emotional impact.,positive
The film dragged on and was hard to follow.,negative
Horrible pacing and an unsatisfying ending.,negative
Unwatchable. Save your time and skip this one.,negative
"This was a terrible movie, I wasted two hours of my life.",negative
Weak script and awful dialogue throughout.,negative
"Nothing made sense, and the characters were flat.",negative
A brilliant performance by the lead actor!,positive
Wonderful characters and a satisfying ending.,positive
Weak script and awful dialogue throughout.,negative
Very disappointing. I expected much more.,negative
Very disappointing. I expected much more.,negative
Poor acting and a completely predictable plot.,negative
The storyline was engaging and very well written.,positive
A touching and inspiring story that stays with you.,positive
The film dragged on and was hard to follow.,negative
Excellent direction and great pacing throughout the film.,positive
Unwatchable. Save your time and skip this one.,negative
A must-watch film with a strong emotional impact.,positive
Excellent direction and great pacing throughout the film.,positive
A great blend of humor and heart. I’ll watch it again.,positive
Horrible pacing and an unsatisfying ending.,negative
Very disappointing. I expected much more.,negative
A brilliant performance by the lead actor!,positive
Badly directed and full of clichés.,negative
The story was boring and lacked depth.,negative
A brilliant performance by the lead actor!,positive
Beautiful cinematography and amazing soundtrack.,positive
The story was boring and lacked depth.,negative
Poor acting and a completely predictable plot.,negative
Horrible pacing and an unsatisfying ending.,negative
Wonderful characters and a satisfying ending.,positive
Badly directed and full of clichés.,negative
The story was boring and lacked depth.,negative
The film dragged on and was hard to follow.,negative
A great blend of humor and heart. I’ll watch it again.,positive
Unwatchable. Save your time and skip this one.,negative
Wonderful characters and a satisfying ending.,positive
Horrible pacing and an unsatisfying ending.,negative
"An outstanding piece of cinema, highly recommended.",positive
A touching and inspiring story that stays with you.,positive
A great blend of humor and heart. I’ll watch it again.,positive
"Nothing made sense, and the characters were flat.",negative
"An outstanding piece of cinema, highly recommended.",positive
Horrible pacing and an unsatisfying ending.,negative
Excellent direction and great pacing throughout the film.,positive
Poor acting and a completely predictable plot.,negative
A must-watch film with a strong emotional impact.,positive
The storyline was engaging and very well written.,positive
Poor acting and a completely predictable plot.,negative
Excellent direction and great pacing throughout the film.,positive
Horrible pacing and an unsatisfying ending.,negative
Poor acting and a completely predictable plot.,negative
A brilliant performance by the lead actor!,positive
Badly directed and full of clichés.,negative
The film dragged on and was hard to follow.,negative
The storyline was engaging and very well written.,positive
"This was a terrible movie, I wasted two hours of my life.",negative
"This movie was absolutely fantastic, I loved every minute of it.",positive
A great blend of humor and heart. I’ll watch it again.,positive
"This was a terrible movie, I wasted two hours of my life.",negative
The storyline was engaging and very well written.,positive
A great blend of humor and heart. I’ll watch it again.,positive
Unwatchable. Save your time and skip this one.,negative
The film dragged on and was hard to follow.,negative
Unwatchable. Save your time and skip this one.,negative
A must-watch film with a strong emotional impact.,positive
Very disappointing. I expected much more.,negative
Badly directed and full of clichés.,negative
The story was boring and lacked depth.,negative
"An outstanding piece of cinema, highly recommended.",positive
A brilliant performance by the lead actor!,positive
"Nothing made sense, and the characters were flat.",negative
Beautiful cinematography and amazing soundtrack.,positive
A must-watch film with a strong emotional impact.,positive
Unwatchable. Save your time and skip this one.,negative
The story was boring and lacked depth.,negative
The film dragged on and was hard to follow.,negative
Poor acting and a completely predictable plot.,negative
A must-watch film with a strong emotional impact.,positive
Beautiful cinematography and amazing soundtrack.,positive
Excellent direction and great pacing throughout the film.,positive
Excellent direction and great pacing throughout the film.,positive
The storyline was engaging and very well written.,positive
Wonderful characters and a satisfying ending.,positive
"This was a terrible movie, I wasted two hours of my life.",negative
"This movie was absolutely fantastic, I loved every minute of it.",positive
The storyline was engaging and very well written.,positive
Horrible pacing and an unsatisfying ending.,negative
"This movie was absolutely fantastic, I loved every minute of it.",positive
"This was a terrible movie, I wasted two hours of my life.",negative
Weak script and awful dialogue throughout.,negative
"Nothing made sense, and the characters were flat.",negative
Horrible pacing and an unsatisfying ending.,negative
A brilliant performance by the lead actor!,positive
Wonderful characters and a satisfying ending.,positive
A great blend of humor and heart. I’ll watch it again.,positive
A touching and inspiring story that stays with you.,positive
"This was a terrible movie, I wasted two hours of my life.",negative
A must-watch film with a strong emotional impact.,positive
Beautiful cinematography and amazing soundtrack.,positive
Wonderful characters and a satisfying ending.,positive
Beautiful cinematography and amazing soundtrack.,positive
Badly directed and full of clichés.,negative
A brilliant performance by the lead actor!,positive
Unwatchable. Save your time and skip this one.,negative
Horrible pacing and an unsatisfying ending.,negative
"An outstanding piece of cinema, highly recommended.",positive
The film dragged on and was hard to follow.,negative
A touching and inspiring story that stays with you.,positive
A great blend of humor and heart. I’ll watch it again.,positive
Weak script and awful dialogue throughout.,negative
A must-watch film with a strong emotional impact.,positive
"This movie was absolutely fantastic, I loved every minute of it.",positive
Beautiful cinematography and amazing soundtrack.,positive
"This movie was absolutely fantastic, I loved every minute of it.",positive
Wonderful characters and a satisfying ending.,positive
Unwatchable. Save your time and skip this one.,negative
A must-watch film with a strong emotional impact.,positive
Unwatchable. Save your time and skip this one.,negative
A must-watch film with a strong emotional impact.,positive
Poor acting and a completely predictable plot.,negative
Badly directed and full of clichés.,negative
The film dragged on and was hard to follow.,negative
"This was a terrible movie, I wasted two hours of my life.",negative
Horrible pacing and an unsatisfying ending.,negative
A brilliant performance by the lead actor!,positive
"An outstanding piece of cinema, highly recommended.",positive
Weak script and awful dialogue throughout.,negative
The film dragged on and was hard to follow.,negative
"Nothing made sense, and the characters were flat.",negative
Poor acting and a completely predictable plot.,negative
Poor acting and a completely predictable plot.,negative
A great blend of humor and heart. I’ll watch it again.,positive
The storyline was engaging and very well written.,positive
Excellent direction and great pacing throughout the film.,positive
"This was a terrible movie, I wasted two hours of my life.",negative
"An outstanding piece of cinema, highly recommended.",positive
A touching and inspiring story that stays with you.,positive
Very disappointing. I expected much more.,negative
A great blend of humor and heart. I’ll watch it again.,positive
"This was a terrible movie, I wasted two hours of my life.",negative
Excellent direction and great pacing throughout the film.,positive
The storyline was engaging and very well written.,positive
The story was boring and lacked depth.,negative
A brilliant performance by the lead actor!,positive
Weak script and awful dialogue throughout.,negative
A must-watch film with a strong emotional impact.,positive
"This was a terrible movie, I wasted two hours of my life.",negative
"An outstanding piece of cinema, highly recommended.",positive
Wonderful characters and a satisfying ending.,positive
Very disappointing. I expected much more.,negative
A great blend of humor and heart. I’ll watch it again.,positive
Horrible pacing and an unsatisfying ending.,negative
A touching and inspiring story that stays with you.,positive
Badly directed and full of clichés.,negative
The film dragged on and was hard to follow.,negative
Weak script and awful dialogue throughout.,negative
"This was a terrible movie, I wasted two hours of my life.",negative
Wonderful characters and a satisfying ending.,positive
A brilliant performance by the lead actor!,positive
Wonderful characters and a satisfying ending.,positive
Beautiful cinematography and amazing soundtrack.,positive
The storyline was engaging and very well written.,positive
Very disappointing. I expected much more.,negative
The story was boring and lacked depth.,negative
Very disappointing. I expected much more.,negative
The film dragged on and was hard to follow.,negative
The story was boring and lacked depth.,negative
"Nothing made sense, and the characters were flat.",negative
The film dragged on and was hard to follow.,negative
The film dragged on and was hard to follow.,negative
Badly directed and full of clichés.,negative
Very disappointing. I expected much more.,negative
A great blend of humor and heart. I’ll watch it again.,positive
Excellent direction and great pacing throughout the film.,positive
Beautiful cinematography and amazing soundtrack.,positive
The storyline was engaging and very well written.,positive
A must-watch film with a strong emotional impact.,positive
Beautiful cinematography and amazing soundtrack.,positive
"Nothing made sense, and the characters were flat.",negative
A brilliant performance by the lead actor!,positive
The story was boring and lacked depth.,negative
"An outstanding piece of cinema, highly recommended.",positive
"This was a terrible movie, I wasted two hours of my life.",negative
"This was a terrible movie, I wasted two hours of my life.",negative
Unwatchable. Save your time and skip this one.,negative
"This was a terrible movie, I wasted two hours of my life.",negative
Badly directed and full of clichés.,negative
Very disappointing. I expected much more.,negative
Poor acting and a completely predictable plot.,negative
"An outstanding piece of cinema, highly recommended.",positive
Horrible pacing and an unsatisfying ending.,negative
"This movie was absolutely fantastic, I loved every minute of it.",positive
Wonderful characters and a satisfying ending.,positive
Unwatchable. Save your time and skip this one.,negative
Poor acting and a completely predictable plot.,negative
The storyline was engaging and very well written.,positive
Horrible pacing and an unsatisfying ending.,negative
"An outstanding piece of cinema, highly recommended.",positive
"Nothing made sense, and the characters were flat.",negative
A must-watch film with a strong emotional impact.,positive
The story was boring and lacked depth.,negative
A great blend of humor and heart. I’ll watch it again.,positive
A brilliant performance by the lead actor!,positive
A brilliant performance by the lead actor!,positive
The storyline was engaging and very well written.,positive
"An outstanding piece of cinema, highly recommended.",positive
The story was boring and lacked depth.,negative
"This movie was absolutely fantastic, I loved every minute of it.",positive
"An outstanding piece of cinema, highly recommended.",positive
Weak script and awful dialogue throughout.,negative
"This was a terrible movie, I wasted two hours of my life.",negative
"An outstanding piece of cinema, highly recommended.",positive
A brilliant performance by the lead actor!,positive
"This movie was absolutely fantastic, I loved every minute of it.",positive
"This movie was absolutely fantastic, I loved every minute of it.",positive
"This was a terrible movie, I wasted two hours of my life.",negative
Horrible pacing and an unsatisfying ending.,negative
A must-watch film with a strong emotional impact.,positive
"Nothing made sense, and the characters were flat.",negative
"An outstanding piece of cinema, highly recommended.",positive
The storyline was engaging and very well written.,positive
Wonderful characters and a satisfying ending.,positive
Beautiful cinematography and amazing soundtrack.,positive
Excellent direction and great pacing throughout the film.,positive
A great blend of humor and heart. I’ll watch it again.,positive
A must-watch film with a strong emotional impact.,positive
"This movie was absolutely fantastic, I loved every minute of it.",positive
Beautiful cinematography and amazing soundtrack.,positive
Beautiful cinematography and amazing soundtrack.,positive
"Nothing made sense, and the characters were flat.",negative
Weak script and awful dialogue throughout.,negative
The storyline was engaging and very well written.,positive
"This was a terrible movie, I wasted two hours of my life.",negative
Very disappointing. I expected much more.,negative
The story was boring and lacked depth.,negative
A touching and inspiring story that stays with you.,positive
A touching and inspiring story that stays with you.,positive
The story was boring and lacked depth.,negative
Wonderful characters and a satisfying ending.,positive
Horrible pacing and an unsatisfying ending.,negative
A touching and inspiring story that stays with you.,positive
Unwatchable. Save your time and skip this one.,negative
"This was a terrible movie, I wasted two hours of my life.",negative
